{
  "config": {
    "run_id": "round_04",
    "imp_parent": "large-checkpoint",
    "imp_round": 4,
    "lambda_weight": 1e-05,
    "gamma_activation": 1e-05,
    "epochs": 8,
    "batch_size": 128,
    "lr": 0.001,
    "data_root": "./data",
    "device": "mps",
    "pruning/imp_round": 4.0,
    "pruning/mask_sparsity": 0.3438998519573729,
    "pruning/prune_fraction_per_step": 0.1,
    "imp/rewind_mode": "late_k",
    "imp/rewind_epoch_k": 4,
    "imp/lr_scheduler": "cosine",
    "imp/weight_l1_aggregation": "sum",
    "imp/exclude_conv1": false,
    "imp/exclude_fc": false,
    "git_sha": "ec7f9bd"
  },
  "metrics": {
    "train/loss": 0.8883461974222552,
    "train/loss_task": 0.2363353898875754,
    "train/loss_weight_l1": 65199.503628817474,
    "train/loss_activation_l1": 1.578117455948483,
    "train/acc": 0.9188614662059329,
    "train/weight_sparsity_ratio": 0.7538265585899353,
    "val/loss": 0.9658680573105812,
    "val/loss_task": 0.320931626111269,
    "val/loss_weight_l1": 64492.03125,
    "val/loss_activation_l1": 1.6147255539894103,
    "val/acc": 0.8984375,
    "val/weight_sparsity_ratio": 0.7538265585899353
  },
  "per_layer_sparsity": {
    "conv1.weight": 0.0,
    "layer1.0.conv1.weight": 0.0007595486111111111,
    "layer1.0.conv2.weight": 0.0008951822916666666,
    "layer1.1.conv1.weight": 0.0008409288194444445,
    "layer1.1.conv2.weight": 0.0007052951388888889,
    "layer2.0.conv1.weight": 0.0015733506944444445,
    "layer2.0.conv2.weight": 0.0018513997395833333,
    "layer2.0.downsample.0.weight": 0.000732421875,
    "layer2.1.conv1.weight": 0.002353244357638889,
    "layer2.1.conv2.weight": 0.002475314670138889,
    "layer3.0.conv1.weight": 0.004696316189236111,
    "layer3.0.conv2.weight": 0.008148193359375,
    "layer3.0.downsample.0.weight": 0.001068115234375,
    "layer3.1.conv1.weight": 0.021899753146701388,
    "layer3.1.conv2.weight": 0.028576321072048612,
    "layer4.0.conv1.weight": 0.4580959743923611,
    "layer4.0.conv2.weight": 0.4042371114095052,
    "layer4.0.downsample.0.weight": 0.00798797607421875,
    "layer4.1.conv1.weight": 0.5391968621148003,
    "layer4.1.conv2.weight": 0.4386550055609809,
    "fc.weight": 0.0
  }
}