{
  "config": {
    "run_id": "round_02",
    "imp_parent": "5-round",
    "imp_round": 2,
    "lambda_weight": 1e-05,
    "gamma_activation": 1e-05,
    "epochs": 5,
    "batch_size": 128,
    "lr": 0.001,
    "data_root": "./data",
    "device": "mps",
    "pruning/imp_round": 2.0,
    "pruning/mask_sparsity": 0.03959985776798977,
    "pruning/prune_fraction_per_step": 0.02,
    "git_sha": "4fc4329"
  },
  "metrics": {
    "train/loss": 1.9826059134846383,
    "train/loss_task": 0.7165991447188638,
    "train/loss_weight_l1": 126598.93184037642,
    "train/loss_activation_l1": 1.7480471540581097,
    "train/acc": 0.7524118133905259,
    "train/weight_sparsity_ratio": 0.4236508011817932,
    "val/loss": 2.366564580798149,
    "val/loss_task": 1.1889095090329647,
    "val/loss_weight_l1": 117763.6953125,
    "val/loss_activation_l1": 1.807823285460472,
    "val/acc": 0.6654296875,
    "val/weight_sparsity_ratio": 0.4236508011817932
  },
  "per_layer_sparsity": {
    "conv1.weight": 0.0005787037037037037,
    "layer1.0.conv1.weight": 0.00010850694444444444,
    "layer1.0.conv2.weight": 0.00016276041666666666,
    "layer1.1.conv1.weight": 0.00018988715277777778,
    "layer1.1.conv2.weight": 0.00010850694444444444,
    "layer2.0.conv1.weight": 0.00037977430555555556,
    "layer2.0.conv2.weight": 0.00025770399305555556,
    "layer2.0.downsample.0.weight": 0.0,
    "layer2.1.conv1.weight": 0.0002644856770833333,
    "layer2.1.conv2.weight": 0.00031873914930555556,
    "layer3.0.conv1.weight": 0.0005391438802083334,
    "layer3.0.conv2.weight": 0.0006357828776041666,
    "layer3.0.downsample.0.weight": 0.000152587890625,
    "layer3.1.conv1.weight": 0.0008833143446180555,
    "layer3.1.conv2.weight": 0.0010579427083333333,
    "layer4.0.conv1.weight": 0.010904947916666666,
    "layer4.0.conv2.weight": 0.03566148546006945,
    "layer4.0.downsample.0.weight": 0.000274658203125,
    "layer4.1.conv1.weight": 0.09575441148546007,
    "layer4.1.conv2.weight": 0.0496321784125434
  }
}