{
  "config": {
    "run_id": "round_01",
    "imp_parent": "5-round",
    "imp_round": 1,
    "lambda_weight": 1e-05,
    "gamma_activation": 1e-05,
    "epochs": 5,
    "batch_size": 128,
    "lr": 0.001,
    "data_root": "./data",
    "device": "mps",
    "pruning/imp_round": 1.0,
    "pruning/mask_sparsity": 0.019999942648382972,
    "pruning/prune_fraction_per_step": 0.02,
    "git_sha": "4fc4329"
  },
  "metrics": {
    "train/loss": 1.9601674652235075,
    "train/loss_task": 0.7214949313043193,
    "train/loss_weight_l1": 123865.51520330255,
    "train/loss_activation_l1": 1.742260325361382,
    "train/acc": 0.7512157710099762,
    "train/weight_sparsity_ratio": 0.4252971410751343,
    "val/loss": 2.1614462047815324,
    "val/loss_task": 1.0074683092534542,
    "val/loss_weight_l1": 115396.0,
    "val/loss_activation_l1": 1.7903271824121476,
    "val/acc": 0.712109375,
    "val/weight_sparsity_ratio": 0.4252971410751343
  },
  "per_layer_sparsity": {
    "conv1.weight": 0.0005787037037037037,
    "layer1.0.conv1.weight": 2.712673611111111e-05,
    "layer1.0.conv2.weight": 0.00010850694444444444,
    "layer1.1.conv1.weight": 0.00010850694444444444,
    "layer1.1.conv2.weight": 2.712673611111111e-05,
    "layer2.0.conv1.weight": 0.00018988715277777778,
    "layer2.0.conv2.weight": 8.816189236111111e-05,
    "layer2.0.downsample.0.weight": 0.0,
    "layer2.1.conv1.weight": 0.00014241536458333334,
    "layer2.1.conv2.weight": 0.00013563368055555556,
    "layer3.0.conv1.weight": 0.000274658203125,
    "layer3.0.conv2.weight": 0.00027296278211805556,
    "layer3.0.downsample.0.weight": 0.0001220703125,
    "layer3.1.conv1.weight": 0.0003933376736111111,
    "layer3.1.conv2.weight": 0.0004391140407986111,
    "layer4.0.conv1.weight": 0.005035400390625,
    "layer4.0.conv2.weight": 0.017455630832248263,
    "layer4.0.downsample.0.weight": 0.00011444091796875,
    "layer4.1.conv1.weight": 0.04890229966905382,
    "layer4.1.conv2.weight": 0.02536985609266493
  }
}