{
  "config": {
    "run_id": "round_01",
    "structured_parent": "baseline",
    "structured_round": 1,
    "lambda_weight": 0.0,
    "gamma_activation": 1e-05,
    "epochs": 15,
    "batch_size": 128,
    "lr": 0.0002,
    "data_root": "./data",
    "device": "mps",
    "pruning/imp_round": 1.0,
    "pruning/mask_sparsity": 0.09375,
    "pruning/prune_fraction_per_step": 0.1,
    "structured/conv_width": 58.0,
    "structured/initial_width": 64.0,
    "structured/lr_scheduler": "cosine",
    "structured/weight_l1_aggregation": "sum",
    "git_sha": "d1356f2"
  },
  "metrics": {
    "train/loss": 1.4961615106598898,
    "train/loss_task": 1.4961609190160579,
    "train/loss_weight_l1": 213373.80109197443,
    "train/loss_activation_l1": 0.05551326134115119,
    "train/acc": 0.4562766335227273,
    "train/weight_sparsity_ratio": 0.0023954410571604967,
    "val/loss": 1.4673833519220352,
    "val/loss_task": 1.467382875084877,
    "val/loss_weight_l1": 213373.71875,
    "val/loss_activation_l1": 0.049999783746898174,
    "val/acc": 0.4794921875,
    "val/weight_sparsity_ratio": 0.0023954410571604967
  },
  "layer_shapes": {
    "conv1.weight": [
      58,
      3,
      3,
      3
    ],
    "conv2.weight": [
      58,
      58,
      3,
      3
    ],
    "fc.weight": [
      10,
      59392
    ],
    "fc.bias": [
      10
    ]
  }
}