{
  "config": {
    "run_id": "round_01",
    "structured_parent": "demo",
    "structured_round": 1,
    "lambda_weight": 1e-05,
    "gamma_activation": 1e-05,
    "epochs": 10,
    "batch_size": 128,
    "lr": 0.001,
    "data_root": "./data",
    "device": "mps",
    "pruning/imp_round": 1.0,
    "pruning/mask_sparsity": 0.1875,
    "pruning/prune_fraction_per_step": 0.2,
    "structured/conv_width": 26.0,
    "structured/initial_width": 32.0,
    "structured/lr_scheduler": "none",
    "structured/weight_l1_aggregation": "sum",
    "git_sha": "99ac351"
  },
  "metrics": {
    "train/loss": 1.3830891471694817,
    "train/loss_task": 1.200836449184201,
    "train/loss_weight_l1": 18225.186628861862,
    "train/loss_activation_l1": 0.08469054714607244,
    "train/acc": 0.5800929213450714,
    "train/weight_sparsity_ratio": 0.3201262950897217,
    "val/loss": 1.3119823411107063,
    "val/loss_task": 1.1315190479159356,
    "val/loss_weight_l1": 18046.263671875,
    "val/loss_activation_l1": 0.06704468932002783,
    "val/acc": 0.6119140625,
    "val/weight_sparsity_ratio": 0.3201262950897217
  },
  "layer_shapes": {
    "conv1.weight": [
      26,
      3,
      3,
      3
    ],
    "conv2.weight": [
      26,
      26,
      3,
      3
    ],
    "fc.weight": [
      10,
      26624
    ],
    "fc.bias": [
      10
    ]
  }
}