{
  "schema_version": 2,
  "run_status": "in_progress",
  "meta": {
    "rewind_mode": "late_k",
    "rewind_epoch_k": 4,
    "exclude_conv1_from_pruning": false,
    "exclude_fc_from_pruning": false,
    "lr_scheduler_kind": "cosine",
    "lr_step_size": 10,
    "lr_step_gamma": 0.1,
    "weight_l1_aggregation": "sum",
    "pruning_param_policy": "conv_and_linear_weights_only",
    "pass_fail_notes": "Objetivo: val/acc ronda 01 no más de 5 puntos bajo ronda 00 (ver context/imp_baseline_large_epoch.md)."
  },
  "rounds": [
    {
      "round": 0,
      "status": "complete",
      "run_dir": "/Users/carlosvalerio/Documents/Study/Aprendizaje/pia/runs/lt/imp_latek/round_00",
      "final_metrics": {
        "train/loss": 1.3132273703813553,
        "train/loss_task": 0.31103322985158727,
        "train/loss_weight_l1": 100217.73592862216,
        "train/loss_activation_l1": 1.680846925486218,
        "train/acc": 0.8931231258267706,
        "train/weight_sparsity_ratio": 0.5792526602745056,
        "val/loss": 1.3776519358158112,
        "val/loss_task": 0.3813165225088596,
        "val/loss_weight_l1": 99631.8046875,
        "val/loss_activation_l1": 1.737025687098503,
        "val/acc": 0.8763671875,
        "val/weight_sparsity_ratio": 0.5792526602745056
      },
      "target_sparsity": 0.09999999999999998,
      "achieved_sparsity": 0.09999998208583892,
      "prune_info": {
        "target_prune_fraction": 0.1,
        "survivors_pruned_fraction": 0.09999998208583892,
        "achieved_cumulative_sparsity": 0.09999998208583892,
        "threshold": 3.7594447803712683e-06,
        "k": 1116435,
        "n_survivors": 11164352
      }
    },
    {
      "round": 1,
      "status": "complete",
      "run_dir": "/Users/carlosvalerio/Documents/Study/Aprendizaje/pia/runs/lt/imp_latek/round_01",
      "final_metrics": {
        "train/loss": 0.8081144158813086,
        "train/loss_task": 0.19450872734358365,
        "train/loss_weight_l1": 61359.0644642223,
        "train/loss_activation_l1": 1.5058139017359777,
        "train/acc": 0.9338304923677986,
        "train/weight_sparsity_ratio": 0.7722916007041931,
        "val/loss": 0.9274904534220696,
        "val/loss_task": 0.31901904140249826,
        "val/loss_weight_l1": 60845.57421875,
        "val/loss_activation_l1": 1.5693599939346314,
        "val/acc": 0.902734375,
        "val/weight_sparsity_ratio": 0.7722916007041931
      },
      "target_sparsity": 0.18999999999999995,
      "achieved_sparsity": 0.18999992117769127,
      "prune_info": {
        "target_prune_fraction": 0.1,
        "survivors_pruned_fraction": 0.09999993033381943,
        "achieved_cumulative_sparsity": 0.18999992117769127,
        "threshold": 1.1738702596630901e-06,
        "k": 1004791,
        "n_survivors": 10047917
      }
    }
  ]
}