{
  "config": {
    "run_id": "round_01",
    "imp_parent": "imp_latek",
    "imp_round": 1,
    "lambda_weight": 1e-05,
    "gamma_activation": 1e-05,
    "epochs": 10,
    "batch_size": 128,
    "lr": 0.001,
    "data_root": "./data",
    "device": "mps",
    "pruning/imp_round": 1.0,
    "pruning/mask_sparsity": 0.09999998208583892,
    "pruning/prune_fraction_per_step": 0.1,
    "imp/rewind_mode": "late_k",
    "imp/rewind_epoch_k": 4,
    "imp/lr_scheduler": "cosine",
    "imp/weight_l1_aggregation": "sum",
    "imp/exclude_conv1": false,
    "imp/exclude_fc": false,
    "git_sha": "4fc4329"
  },
  "metrics": {
    "train/loss": 0.8081144158813086,
    "train/loss_task": 0.19450872734358365,
    "train/loss_weight_l1": 61359.0644642223,
    "train/loss_activation_l1": 1.5058139017359777,
    "train/acc": 0.9338304923677986,
    "train/weight_sparsity_ratio": 0.7722916007041931,
    "val/loss": 0.9274904534220696,
    "val/loss_task": 0.31901904140249826,
    "val/loss_weight_l1": 60845.57421875,
    "val/loss_activation_l1": 1.5693599939346314,
    "val/acc": 0.902734375,
    "val/weight_sparsity_ratio": 0.7722916007041931
  },
  "per_layer_sparsity": {
    "conv1.weight": 0.0,
    "layer1.0.conv1.weight": 0.00016276041666666666,
    "layer1.0.conv2.weight": 8.138020833333333e-05,
    "layer1.1.conv1.weight": 5.425347222222222e-05,
    "layer1.1.conv2.weight": 0.00016276041666666666,
    "layer2.0.conv1.weight": 0.00017632378472222222,
    "layer2.0.conv2.weight": 0.00016954210069444444,
    "layer2.0.downsample.0.weight": 0.0,
    "layer2.1.conv1.weight": 0.00023057725694444444,
    "layer2.1.conv2.weight": 0.0002644856770833333,
    "layer3.0.conv1.weight": 0.00046454535590277775,
    "layer3.0.conv2.weight": 0.0007612440321180555,
    "layer3.0.downsample.0.weight": 6.103515625e-05,
    "layer3.1.conv1.weight": 0.0010240342881944445,
    "layer3.1.conv2.weight": 0.0014546712239583333,
    "layer4.0.conv1.weight": 0.020821465386284724,
    "layer4.0.conv2.weight": 0.0690659417046441,
    "layer4.0.downsample.0.weight": 0.00048065185546875,
    "layer4.1.conv1.weight": 0.2528330485026042,
    "layer4.1.conv2.weight": 0.13994725545247397,
    "fc.weight": 0.0
  }
}