{
  "config": {
    "run_id": "round_03",
    "imp_parent": "5-round",
    "imp_round": 3,
    "lambda_weight": 1e-05,
    "gamma_activation": 1e-05,
    "epochs": 5,
    "batch_size": 128,
    "lr": 0.001,
    "data_root": "./data",
    "device": "mps",
    "pruning/imp_round": 3.0,
    "pruning/mask_sparsity": 0.05880781042996507,
    "pruning/prune_fraction_per_step": 0.02,
    "git_sha": "4fc4329"
  },
  "metrics": {
    "train/loss": 2.0156406313180923,
    "train/loss_task": 0.7179503972557458,
    "train/loss_weight_l1": 129767.28553355824,
    "train/loss_activation_l1": 1.743365221064199,
    "train/acc": 0.7527200718494979,
    "train/weight_sparsity_ratio": 0.4183216392993927,
    "val/loss": 2.244909179210663,
    "val/loss_task": 1.0364959228783845,
    "val/loss_weight_l1": 120839.5546875,
    "val/loss_activation_l1": 1.779028794169426,
    "val/acc": 0.690625,
    "val/weight_sparsity_ratio": 0.4183216392993927
  },
  "per_layer_sparsity": {
    "conv1.weight": 0.001736111111111111,
    "layer1.0.conv1.weight": 0.00013563368055555556,
    "layer1.0.conv2.weight": 0.00018988715277777778,
    "layer1.1.conv1.weight": 0.0002712673611111111,
    "layer1.1.conv2.weight": 0.00013563368055555556,
    "layer2.0.conv1.weight": 0.0005425347222222222,
    "layer2.0.conv2.weight": 0.0004475911458333333,
    "layer2.0.downsample.0.weight": 0.000244140625,
    "layer2.1.conv1.weight": 0.00044080946180555556,
    "layer2.1.conv2.weight": 0.0005357530381944445,
    "layer3.0.conv1.weight": 0.0008375379774305555,
    "layer3.0.conv2.weight": 0.0010443793402777778,
    "layer3.0.downsample.0.weight": 0.0003662109375,
    "layer3.1.conv1.weight": 0.001529269748263889,
    "layer3.1.conv2.weight": 0.0016767713758680555,
    "layer4.0.conv1.weight": 0.016543070475260418,
    "layer4.0.conv2.weight": 0.05296622382269965,
    "layer4.0.downsample.0.weight": 0.000457763671875,
    "layer4.1.conv1.weight": 0.13801150851779515,
    "layer4.1.conv2.weight": 0.07758839925130208
  }
}