{
  "config": {
    "run_id": "round_01",
    "imp_parent": "large-checkpoint",
    "imp_round": 1,
    "lambda_weight": 1e-05,
    "gamma_activation": 1e-05,
    "epochs": 8,
    "batch_size": 128,
    "lr": 0.001,
    "data_root": "./data",
    "device": "mps",
    "pruning/imp_round": 1.0,
    "pruning/mask_sparsity": 0.09999998208583892,
    "pruning/prune_fraction_per_step": 0.1,
    "imp/rewind_mode": "late_k",
    "imp/rewind_epoch_k": 4,
    "imp/lr_scheduler": "cosine",
    "imp/weight_l1_aggregation": "sum",
    "imp/exclude_conv1": false,
    "imp/exclude_fc": false,
    "git_sha": "ec7f9bd"
  },
  "metrics": {
    "train/loss": 0.8926403193988584,
    "train/loss_task": 0.23474956769496202,
    "train/loss_weight_l1": 65787.51138583096,
    "train/loss_activation_l1": 1.5653100145811385,
    "train/acc": 0.918158637190407,
    "train/weight_sparsity_ratio": 0.751774787902832,
    "val/loss": 0.9756014078855515,
    "val/loss_task": 0.3248286553891376,
    "val/loss_weight_l1": 65075.6640625,
    "val/loss_activation_l1": 1.6145423412323,
    "val/acc": 0.894140625,
    "val/weight_sparsity_ratio": 0.751774787902832
  },
  "per_layer_sparsity": {
    "conv1.weight": 0.0,
    "layer1.0.conv1.weight": 0.00016276041666666666,
    "layer1.0.conv2.weight": 0.00016276041666666666,
    "layer1.1.conv1.weight": 0.000244140625,
    "layer1.1.conv2.weight": 0.00013563368055555556,
    "layer2.0.conv1.weight": 0.000244140625,
    "layer2.0.conv2.weight": 0.00035942925347222225,
    "layer2.0.downsample.0.weight": 0.000244140625,
    "layer2.1.conv1.weight": 0.00035942925347222225,
    "layer2.1.conv2.weight": 0.0004001193576388889,
    "layer3.0.conv1.weight": 0.0007188585069444445,
    "layer3.0.conv2.weight": 0.001034206814236111,
    "layer3.0.downsample.0.weight": 0.0001220703125,
    "layer3.1.conv1.weight": 0.0014258490668402778,
    "layer3.1.conv2.weight": 0.0019972059461805555,
    "layer4.0.conv1.weight": 0.025010002983940974,
    "layer4.0.conv2.weight": 0.06741629706488715,
    "layer4.0.downsample.0.weight": 0.00054168701171875,
    "layer4.1.conv1.weight": 0.2417636447482639,
    "layer4.1.conv2.weight": 0.15019649929470485,
    "fc.weight": 0.0
  }
}