{
  "config": {
    "run_id": "round_03",
    "imp_parent": "large-checkpoint",
    "imp_round": 3,
    "lambda_weight": 1e-05,
    "gamma_activation": 1e-05,
    "epochs": 8,
    "batch_size": 128,
    "lr": 0.001,
    "data_root": "./data",
    "device": "mps",
    "pruning/imp_round": 3.0,
    "pruning/mask_sparsity": 0.2709998753174389,
    "pruning/prune_fraction_per_step": 0.1,
    "imp/rewind_mode": "late_k",
    "imp/rewind_epoch_k": 4,
    "imp/lr_scheduler": "cosine",
    "imp/weight_l1_aggregation": "sum",
    "imp/exclude_conv1": false,
    "imp/exclude_fc": false,
    "git_sha": "ec7f9bd"
  },
  "metrics": {
    "train/loss": 0.8889226513830099,
    "train/loss_task": 0.2363523401489312,
    "train/loss_weight_l1": 65255.45466752486,
    "train/loss_activation_l1": 1.577808515253392,
    "train/acc": 0.9203411063010042,
    "train/weight_sparsity_ratio": 0.7533599734306335,
    "val/loss": 0.9827701032161713,
    "val/loss_task": 0.3365677990019321,
    "val/loss_weight_l1": 64618.6015625,
    "val/loss_activation_l1": 1.6308281600475312,
    "val/acc": 0.8900390625,
    "val/weight_sparsity_ratio": 0.7533599734306335
  },
  "per_layer_sparsity": {
    "conv1.weight": 0.0,
    "layer1.0.conv1.weight": 0.0004069010416666667,
    "layer1.0.conv2.weight": 0.0006239149305555555,
    "layer1.1.conv1.weight": 0.0005154079861111111,
    "layer1.1.conv2.weight": 0.00043402777777777775,
    "layer2.0.conv1.weight": 0.0008544921875,
    "layer2.0.conv2.weight": 0.0009629991319444445,
    "layer2.0.downsample.0.weight": 0.00048828125,
    "layer2.1.conv1.weight": 0.001220703125,
    "layer2.1.conv2.weight": 0.0012953016493055555,
    "layer3.0.conv1.weight": 0.0024820963541666665,
    "layer3.0.conv2.weight": 0.004138522677951389,
    "layer3.0.downsample.0.weight": 0.000579833984375,
    "layer3.1.conv1.weight": 0.010374281141493056,
    "layer3.1.conv2.weight": 0.014416164822048612,
    "layer4.0.conv1.weight": 0.34050242106119794,
    "layer4.0.conv2.weight": 0.3233540852864583,
    "layer4.0.downsample.0.weight": 0.0044403076171875,
    "layer4.1.conv1.weight": 0.4402639600965712,
    "layer4.1.conv2.weight": 0.3404468960232205,
    "fc.weight": 0.0
  }
}