{
  "schema_version": 2,
  "run_status": "complete",
  "meta": {
    "pipeline": "structured_width_chain_cnn",
    "rewind_mode": "none",
    "lr_scheduler_kind": "none",
    "lr_step_size": 10,
    "lr_step_gamma": 0.1,
    "weight_l1_aggregation": "sum",
    "initial_conv_width": 32
  },
  "rounds": [
    {
      "round": 0,
      "status": "complete",
      "run_dir": "/Users/carlosvalerio/Documents/Study/Aprendizaje/pia/runs/structured_lt/demo/round_00",
      "final_metrics": {
        "train/loss": 2.284693876450712,
        "train/loss_task": 1.5036837881938978,
        "train/loss_weight_l1": 78100.93903142755,
        "train/loss_activation_l1": 0.07668445168317041,
        "train/acc": 0.4545651830902154,
        "train/weight_sparsity_ratio": 0.22222518920898438,
        "val/loss": 2.167198744416237,
        "val/loss_task": 1.41165032684803,
        "val/loss_weight_l1": 75554.7734375,
        "val/loss_activation_l1": 0.06256433017551899,
        "val/acc": 0.49140625,
        "val/weight_sparsity_ratio": 0.22222518920898438
      },
      "target_sparsity": 0.19999999999999996,
      "achieved_sparsity": 0.1875,
      "structured_conv_width": 26,
      "structured_param_count": 273036,
      "layer_shapes": {
        "conv1.weight": [
          26,
          3,
          3,
          3
        ],
        "conv2.weight": [
          26,
          26,
          3,
          3
        ],
        "fc.weight": [
          10,
          26624
        ],
        "fc.bias": [
          10
        ]
      },
      "prune_info": {
        "target_prune_fraction": 0.2,
        "k": 6,
        "width_before": 32,
        "width_after": 26,
        "removed_indices": "[5, 9, 16, 25, 27, 30]",
        "threshold": 1711.2310791015625
      }
    },
    {
      "round": 1,
      "status": "complete",
      "run_dir": "/Users/carlosvalerio/Documents/Study/Aprendizaje/pia/runs/structured_lt/demo/round_01",
      "final_metrics": {
        "train/loss": 1.3830891471694817,
        "train/loss_task": 1.200836449184201,
        "train/loss_weight_l1": 18225.186628861862,
        "train/loss_activation_l1": 0.08469054714607244,
        "train/acc": 0.5800929213450714,
        "train/weight_sparsity_ratio": 0.3201262950897217,
        "val/loss": 1.3119823411107063,
        "val/loss_task": 1.1315190479159356,
        "val/loss_weight_l1": 18046.263671875,
        "val/loss_activation_l1": 0.06704468932002783,
        "val/acc": 0.6119140625,
        "val/weight_sparsity_ratio": 0.3201262950897217
      },
      "target_sparsity": 0.3599999999999999,
      "achieved_sparsity": 0.34375,
      "structured_conv_width": 21,
      "structured_param_count": 219586,
      "layer_shapes": {
        "conv1.weight": [
          21,
          3,
          3,
          3
        ],
        "conv2.weight": [
          21,
          21,
          3,
          3
        ],
        "fc.weight": [
          10,
          21504
        ],
        "fc.bias": [
          10
        ]
      },
      "prune_info": {
        "target_prune_fraction": 0.2,
        "k": 5,
        "width_before": 26,
        "width_after": 21,
        "removed_indices": "[5, 6, 17, 18, 21]",
        "threshold": 42.134891510009766
      }
    },
    {
      "round": 2,
      "status": "complete",
      "run_dir": "/Users/carlosvalerio/Documents/Study/Aprendizaje/pia/runs/structured_lt/demo/round_02",
      "final_metrics": {
        "train/loss": 1.2638060382821343,
        "train/loss_task": 1.0975276079367509,
        "train/loss_weight_l1": 16627.741787997158,
        "train/loss_activation_l1": 0.10128688156096773,
        "train/acc": 0.6179889718239958,
        "train/weight_sparsity_ratio": 0.10349475592374802,
        "val/loss": 1.2031808197498322,
        "val/loss_task": 1.0385922968387604,
        "val/loss_weight_l1": 16458.76953125,
        "val/loss_activation_l1": 0.07826197911053896,
        "val/acc": 0.6376953125,
        "val/weight_sparsity_ratio": 0.10349475592374802
      },
      "target_sparsity": 0.4879999999999999,
      "achieved_sparsity": 0.46875,
      "structured_conv_width": 17,
      "structured_param_count": 177150,
      "layer_shapes": {
        "conv1.weight": [
          17,
          3,
          3,
          3
        ],
        "conv2.weight": [
          17,
          17,
          3,
          3
        ],
        "fc.weight": [
          10,
          17408
        ],
        "fc.bias": [
          10
        ]
      },
      "prune_info": {
        "target_prune_fraction": 0.2,
        "k": 4,
        "width_before": 21,
        "width_after": 17,
        "removed_indices": "[7, 11, 13, 20]",
        "threshold": 329.169189453125
      }
    },
    {
      "round": 3,
      "status": "complete",
      "run_dir": "/Users/carlosvalerio/Documents/Study/Aprendizaje/pia/runs/structured_lt/demo/round_03",
      "final_metrics": {
        "train/loss": 1.206532117148692,
        "train/loss_task": 1.0606666789813475,
        "train/loss_weight_l1": 14586.42573963512,
        "train/loss_activation_l1": 0.11716167927211658,
        "train/acc": 0.6327508483082056,
        "train/weight_sparsity_ratio": 0.030572960153222084,
        "val/loss": 1.187582291662693,
        "val/loss_task": 1.0422938644886017,
        "val/loss_weight_l1": 14528.7509765625,
        "val/loss_activation_l1": 0.09083019569516182,
        "val/acc": 0.64453125,
        "val/weight_sparsity_ratio": 0.030572960153222084
      },
      "target_sparsity": 0.5903999999999999,
      "achieved_sparsity": 0.5625,
      "structured_conv_width": 14,
      "structured_param_count": 145512,
      "layer_shapes": {
        "conv1.weight": [
          14,
          3,
          3,
          3
        ],
        "conv2.weight": [
          14,
          14,
          3,
          3
        ],
        "fc.weight": [
          10,
          14336
        ],
        "fc.bias": [
          10
        ]
      },
      "prune_info": {
        "target_prune_fraction": 0.2,
        "k": 3,
        "width_before": 17,
        "width_after": 14,
        "removed_indices": "[1, 3, 11]",
        "threshold": 489.0255432128906
      }
    },
    {
      "round": 4,
      "status": "complete",
      "run_dir": "/Users/carlosvalerio/Documents/Study/Aprendizaje/pia/runs/structured_lt/demo/round_04",
      "final_metrics": {
        "train/loss": 1.1809582227671689,
        "train/loss_task": 1.056366508149288,
        "train/loss_weight_l1": 12459.040629993786,
        "train/loss_activation_l1": 0.1311699892817573,
        "train/acc": 0.6355646306818182,
        "train/weight_sparsity_ratio": 0.026382703334093094,
        "val/loss": 1.1508129686117172,
        "val/loss_task": 1.026595838367939,
        "val/loss_weight_l1": 12421.61328125,
        "val/loss_activation_l1": 0.10274299755692481,
        "val/acc": 0.6529296875,
        "val/weight_sparsity_ratio": 0.026382703334093094
      },
      "target_sparsity": 0.6723199999999999,
      "achieved_sparsity": 0.625,
      "structured_conv_width": 12,
      "structured_param_count": 124510,
      "layer_shapes": {
        "conv1.weight": [
          12,
          3,
          3,
          3
        ],
        "conv2.weight": [
          12,
          12,
          3,
          3
        ],
        "fc.weight": [
          10,
          12288
        ],
        "fc.bias": [
          10
        ]
      },
      "prune_info": {
        "target_prune_fraction": 0.2,
        "k": 2,
        "width_before": 14,
        "width_after": 12,
        "removed_indices": "[1, 3]",
        "threshold": 543.7846069335938
      }
    },
    {
      "round": 5,
      "status": "complete",
      "run_dir": "/Users/carlosvalerio/Documents/Study/Aprendizaje/pia/runs/structured_lt/demo/round_05",
      "final_metrics": {
        "train/loss": 1.1763291016898372,
        "train/loss_task": 1.0670530089939183,
        "train/loss_weight_l1": 10927.46562610973,