{
  "config": {
    "run_id": "round_02",
    "imp_parent": "my_test",
    "imp_round": 2,
    "lambda_weight": 1e-05,
    "gamma_activation": 1e-05,
    "epochs": 1,
    "batch_size": 128,
    "lr": 0.001,
    "data_root": "./data",
    "device": "mps",
    "pruning/imp_round": 2.0,
    "pruning/mask_sparsity": 0.03959985776798977,
    "pruning/prune_fraction_per_step": 0.02,
    "git_sha": "4fc4329"
  },
  "metrics": {
    "train/loss": 3.9931768375364216,
    "train/loss_task": 1.7697295983406631,
    "train/loss_weight_l1": 222342.98259943182,
    "train/loss_activation_l1": 1.7476957531815225,
    "train/acc": 0.44432114115492866,
    "train/weight_sparsity_ratio": 0.11976342648267746,
    "val/loss": 3.5440705358982085,
    "val/loss_task": 1.429019396007061,
    "val/loss_weight_l1": 211503.359375,
    "val/loss_activation_l1": 1.751699560880661,
    "val/acc": 0.5123046875,
    "val/weight_sparsity_ratio": 0.11976342648267746
  },
  "per_layer_sparsity": {
    "conv1.weight": 0.001736111111111111,
    "layer1.0.conv1.weight": 0.002468532986111111,
    "layer1.0.conv2.weight": 0.002468532986111111,
    "layer1.1.conv1.weight": 0.0023057725694444445,
    "layer1.1.conv2.weight": 0.0025227864583333335,
    "layer2.0.conv1.weight": 0.0040283203125,
    "layer2.0.conv2.weight": 0.003818088107638889,
    "layer2.0.downsample.0.weight": 0.001220703125,
    "layer2.1.conv1.weight": 0.00372314453125,
    "layer2.1.conv2.weight": 0.003546820746527778,
    "layer3.0.conv1.weight": 0.005750868055555556,
    "layer3.0.conv2.weight": 0.00640869140625,
    "layer3.0.downsample.0.weight": 0.001708984375,
    "layer3.1.conv1.weight": 0.007768419053819444,
    "layer3.1.conv2.weight": 0.007954915364583334,
    "layer4.0.conv1.weight": 0.025546603732638888,
    "layer4.0.conv2.weight": 0.04217825995551215,
    "layer4.0.downsample.0.weight": 0.00270843505859375,
    "layer4.1.conv1.weight": 0.06967247856987847,
    "layer4.1.conv2.weight": 0.05527623494466146
  }
}