{
  "config": {
    "run_id": "round_01",
    "imp_parent": "5round-8epoch",
    "imp_round": 1,
    "lambda_weight": 1e-05,
    "gamma_activation": 1e-05,
    "epochs": 8,
    "batch_size": 128,
    "lr": 0.001,
    "data_root": "./data",
    "device": "mps",
    "pruning/imp_round": 1.0,
    "pruning/mask_sparsity": 0.09999998208583892,
    "pruning/prune_fraction_per_step": 0.1,
    "imp/rewind_mode": "late_k",
    "imp/rewind_epoch_k": 4,
    "imp/lr_scheduler": "cosine",
    "imp/weight_l1_aggregation": "sum",
    "imp/exclude_conv1": false,
    "imp/exclude_fc": false,
    "git_sha": "99dbd79"
  },
  "metrics": {
    "train/loss": 0.881178816780448,
    "train/loss_task": 0.2365942383185029,
    "train/loss_weight_l1": 64456.886174982246,
    "train/loss_activation_l1": 1.5729351111433723,
    "train/acc": 0.9183805832131342,
    "train/weight_sparsity_ratio": 0.7531693577766418,
    "val/loss": 0.9526498258113861,
    "val/loss_task": 0.31605019653216004,
    "val/loss_weight_l1": 63658.3359375,
    "val/loss_activation_l1": 1.6307261079549789,
    "val/acc": 0.894921875,
    "val/weight_sparsity_ratio": 0.7531693577766418
  },
  "per_layer_sparsity": {
    "conv1.weight": 0.0,
    "layer1.0.conv1.weight": 0.00010850694444444444,
    "layer1.0.conv2.weight": 0.00016276041666666666,
    "layer1.1.conv1.weight": 0.00013563368055555556,
    "layer1.1.conv2.weight": 5.425347222222222e-05,
    "layer2.0.conv1.weight": 0.00037977430555555556,
    "layer2.0.conv2.weight": 0.0003255208333333333,
    "layer2.0.downsample.0.weight": 0.0001220703125,
    "layer2.1.conv1.weight": 0.00041368272569444444,
    "layer2.1.conv2.weight": 0.00029161241319444444,
    "layer3.0.conv1.weight": 0.0005696614583333334,
    "layer3.0.conv2.weight": 0.0010443793402777778,
    "layer3.0.downsample.0.weight": 0.000274658203125,
    "layer3.1.conv1.weight": 0.0014444986979166667,
    "layer3.1.conv2.weight": 0.0018090142144097222,
    "layer4.0.conv1.weight": 0.026106092664930556,
    "layer4.0.conv2.weight": 0.06850390964084202,
    "layer4.0.downsample.0.weight": 0.0005645751953125,
    "layer4.1.conv1.weight": 0.24700842963324654,
    "layer4.1.conv2.weight": 0.14337666829427084,
    "fc.weight": 0.0
  }
}