{
  "config": {
    "run_id": "round_02",
    "imp_parent": "large-checkpoint",
    "imp_round": 2,
    "lambda_weight": 1e-05,
    "gamma_activation": 1e-05,
    "epochs": 8,
    "batch_size": 128,
    "lr": 0.001,
    "data_root": "./data",
    "device": "mps",
    "pruning/imp_round": 2.0,
    "pruning/mask_sparsity": 0.18999992117769127,
    "pruning/prune_fraction_per_step": 0.1,
    "imp/rewind_mode": "late_k",
    "imp/rewind_epoch_k": 4,
    "imp/lr_scheduler": "cosine",
    "imp/weight_l1_aggregation": "sum",
    "imp/exclude_conv1": false,
    "imp/exclude_fc": false,
    "git_sha": "ec7f9bd"
  },
  "metrics": {
    "train/loss": 0.8948753193359483,
    "train/loss_task": 0.23963290647688237,
    "train/loss_weight_l1": 65522.66369628906,
    "train/loss_activation_l1": 1.5790306600657376,
    "train/acc": 0.9178405145013874,
    "train/weight_sparsity_ratio": 0.7519395351409912,
    "val/loss": 0.966201376914978,
    "val/loss_task": 0.31822522038128226,
    "val/loss_weight_l1": 64795.984375,
    "val/loss_activation_l1": 1.6318531721830367,
    "val/acc": 0.899609375,
    "val/weight_sparsity_ratio": 0.7519395351409912
  },
  "per_layer_sparsity": {
    "conv1.weight": 0.0,
    "layer1.0.conv1.weight": 0.000244140625,
    "layer1.0.conv2.weight": 0.0003255208333333333,
    "layer1.1.conv1.weight": 0.00035264756944444444,
    "layer1.1.conv2.weight": 0.000244140625,
    "layer2.0.conv1.weight": 0.0004611545138888889,
    "layer2.0.conv2.weight": 0.0005900065104166666,
    "layer2.0.downsample.0.weight": 0.0003662109375,
    "layer2.1.conv1.weight": 0.0007120768229166666,
    "layer2.1.conv2.weight": 0.0007595486111111111,
    "layer3.0.conv1.weight": 0.001437717013888889,
    "layer3.0.conv2.weight": 0.0023091634114583335,
    "layer3.0.downsample.0.weight": 0.00030517578125,
    "layer3.1.conv1.weight": 0.005238850911458333,
    "layer3.1.conv2.weight": 0.007609049479166667,
    "layer4.0.conv1.weight": 0.20631239149305555,
    "layer4.0.conv2.weight": 0.21932262844509548,
    "layer4.0.downsample.0.weight": 0.00201416015625,
    "layer4.1.conv1.weight": 0.33153364393446183,
    "layer4.1.conv2.weight": 0.24083243476019967,
    "fc.weight": 0.0
  }
}