{
  "config": {
    "run_id": "round_05",
    "imp_parent": "large-checkpoint",
    "imp_round": 5,
    "lambda_weight": 1e-05,
    "gamma_activation": 1e-05,
    "epochs": 8,
    "batch_size": 128,
    "lr": 0.001,
    "data_root": "./data",
    "device": "mps",
    "pruning/imp_round": 5.0,
    "pruning/mask_sparsity": 0.409509839890394,
    "pruning/prune_fraction_per_step": 0.1,
    "imp/rewind_mode": "late_k",
    "imp/rewind_epoch_k": 4,
    "imp/lr_scheduler": "cosine",
    "imp/weight_l1_aggregation": "sum",
    "imp/exclude_conv1": false,
    "imp/exclude_fc": false,
    "git_sha": "ec7f9bd"
  },
  "metrics": {
    "train/loss": 0.8841006969186392,
    "train/loss_task": 0.23602070229720662,
    "train/loss_weight_l1": 64806.42503773083,
    "train/loss_activation_l1": 1.5763073042035103,
    "train/acc": 0.9179712161421776,
    "train/weight_sparsity_ratio": 0.7561072111129761,
    "val/loss": 0.9681554853916168,
    "val/loss_task": 0.3262497419025749,
    "val/loss_weight_l1": 64188.9453125,
    "val/loss_activation_l1": 1.6280524492263795,
    "val/acc": 0.8912109375,
    "val/weight_sparsity_ratio": 0.7561072111129761
  },
  "per_layer_sparsity": {
    "conv1.weight": 0.0,
    "layer1.0.conv1.weight": 0.0010850694444444445,
    "layer1.0.conv2.weight": 0.001193576388888889,
    "layer1.1.conv1.weight": 0.001247829861111111,
    "layer1.1.conv2.weight": 0.001003689236111111,
    "layer2.0.conv1.weight": 0.0022379557291666665,
    "layer2.0.conv2.weight": 0.002556694878472222,
    "layer2.0.downsample.0.weight": 0.0008544921875,
    "layer2.1.conv1.weight": 0.0032212999131944445,
    "layer2.1.conv2.weight": 0.003512912326388889,
    "layer3.0.conv1.weight": 0.006632486979166667,
    "layer3.0.conv2.weight": 0.011749267578125,
    "layer3.0.downsample.0.weight": 0.00128173828125,
    "layer3.1.conv1.weight": 0.031063503689236112,
    "layer3.1.conv2.weight": 0.040015326605902776,
    "layer4.0.conv1.weight": 0.5317136976453993,
    "layer4.0.conv2.weight": 0.46107779608832467,
    "layer4.0.downsample.0.weight": 0.010894775390625,
    "layer4.1.conv1.weight": 0.6387439303927951,
    "layer4.1.conv2.weight": 0.5492668151855469,
    "fc.weight": 0.0
  }
}