{
  "config": {
    "run_id": "round_01",
    "imp_parent": "large-epoch",
    "imp_round": 1,
    "lambda_weight": 1e-05,
    "gamma_activation": 1e-05,
    "epochs": 10,
    "batch_size": 128,
    "lr": 0.001,
    "data_root": "./data",
    "device": "mps",
    "pruning/imp_round": 1.0,
    "pruning/mask_sparsity": 0.019999942648382972,
    "pruning/prune_fraction_per_step": 0.02,
    "git_sha": "4fc4329"
  },
  "metrics": {
    "train/loss": 1.3630003983324224,
    "train/loss_task": 0.5086594143120403,
    "train/loss_weight_l1": 85432.51511452415,
    "train/loss_activation_l1": 1.5849275995384564,
    "train/acc": 0.8275578045709566,
    "train/weight_sparsity_ratio": 0.48187562823295593,
    "val/loss": 2.654269516468048,
    "val/loss_task": 1.8042751669883728,
    "val/loss_weight_l1": 84997.8203125,
    "val/loss_activation_l1": 1.6148536860942841,
    "val/acc": 0.596484375,
    "val/weight_sparsity_ratio": 0.48187562823295593
  },
  "per_layer_sparsity": {
    "conv1.weight": 0.0,
    "layer1.0.conv1.weight": 0.00010850694444444444,
    "layer1.0.conv2.weight": 8.138020833333333e-05,
    "layer1.1.conv1.weight": 8.138020833333333e-05,
    "layer1.1.conv2.weight": 8.138020833333333e-05,
    "layer2.0.conv1.weight": 0.00013563368055555556,
    "layer2.0.conv2.weight": 0.00018310546875,
    "layer2.0.downsample.0.weight": 0.000244140625,
    "layer2.1.conv1.weight": 0.00019666883680555556,
    "layer2.1.conv2.weight": 0.00014241536458333334,
    "layer3.0.conv1.weight": 0.0003153483072916667,
    "layer3.0.conv2.weight": 0.0003916422526041667,
    "layer3.0.downsample.0.weight": 6.103515625e-05,
    "layer3.1.conv1.weight": 0.0006663004557291666,
    "layer3.1.conv2.weight": 0.0007697211371527778,
    "layer4.0.conv1.weight": 0.012248569064670138,
    "layer4.0.conv2.weight": 0.03090201483832465,
    "layer4.0.downsample.0.weight": 0.0001983642578125,
    "layer4.1.conv1.weight": 0.03556950887044271,
    "layer4.1.conv2.weight": 0.021450466579861112
  }
}