{
  "config": {
    "run_id": "round_00",
    "structured_parent": "baseline",
    "structured_round": 0,
    "lambda_weight": 0.0,
    "gamma_activation": 1e-05,
    "epochs": 50,
    "batch_size": 128,
    "lr": 0.0002,
    "data_root": "./data",
    "device": "mps",
    "pruning/imp_round": 0.0,
    "pruning/mask_sparsity": 0.0,
    "pruning/prune_fraction_per_step": 0.1,
    "structured/conv_width": 64.0,
    "structured/initial_width": 64.0,
    "structured/lr_scheduler": "cosine",
    "structured/weight_l1_aggregation": "sum",
    "git_sha": "d1356f2"
  },
  "metrics": {
    "train/loss": 1.3491933542219074,
    "train/loss_task": 1.349192876368761,
    "train/loss_weight_l1": 235198.1728071733,
    "train/loss_activation_l1": 0.050393697869201955,
    "train/acc": 0.518325343304737,
    "train/weight_sparsity_ratio": 0.002399266930297017,
    "val/loss": 1.3665167480707168,
    "val/loss_task": 1.3665162712335586,
    "val/loss_weight_l1": 235198.171875,
    "val/loss_activation_l1": 0.047534081153571606,
    "val/acc": 0.525390625,
    "val/weight_sparsity_ratio": 0.002399266930297017
  },
  "layer_shapes": {
    "conv1.weight": [
      64,
      3,
      3,
      3
    ],
    "conv2.weight": [
      64,
      64,
      3,
      3
    ],
    "fc.weight": [
      10,
      65536
    ],
    "fc.bias": [
      10
    ]
  }
}