{
  "config": {
    "run_id": "round_02",
    "imp_parent": "5round-8epoch",
    "imp_round": 2,
    "lambda_weight": 1e-05,
    "gamma_activation": 1e-05,
    "epochs": 8,
    "batch_size": 128,
    "lr": 0.001,
    "data_root": "./data",
    "device": "mps",
    "pruning/imp_round": 2.0,
    "pruning/mask_sparsity": 0.18999992117769127,
    "pruning/prune_fraction_per_step": 0.1,
    "imp/rewind_mode": "late_k",
    "imp/rewind_epoch_k": 4,
    "imp/lr_scheduler": "cosine",
    "imp/weight_l1_aggregation": "sum",
    "imp/exclude_conv1": false,
    "imp/exclude_fc": false,
    "git_sha": "99dbd79"
  },
  "metrics": {
    "train/loss": 0.8744606402787295,
    "train/loss_task": 0.23308489374308425,
    "train/loss_weight_l1": 64136.0048606179,
    "train/loss_activation_l1": 1.5710339861159974,
    "train/acc": 0.9188540679487315,
    "train/weight_sparsity_ratio": 0.7562885284423828,
    "val/loss": 0.9365497052669525,
    "val/loss_task": 0.30313226631842555,
    "val/loss_weight_l1": 63340.125,
    "val/loss_activation_l1": 1.6231129705905913,
    "val/acc": 0.9017578125,
    "val/weight_sparsity_ratio": 0.7562885284423828
  },
  "per_layer_sparsity": {
    "conv1.weight": 0.0,
    "layer1.0.conv1.weight": 0.00035264756944444444,
    "layer1.0.conv2.weight": 0.000244140625,
    "layer1.1.conv1.weight": 0.00018988715277777778,
    "layer1.1.conv2.weight": 0.00021701388888888888,
    "layer2.0.conv1.weight": 0.0006103515625,
    "layer2.0.conv2.weight": 0.0006035698784722222,
    "layer2.0.downsample.0.weight": 0.000244140625,
    "layer2.1.conv1.weight": 0.0007595486111111111,
    "layer2.1.conv2.weight": 0.0006306966145833334,
    "layer3.0.conv1.weight": 0.001308865017361111,
    "layer3.0.conv2.weight": 0.002471923828125,
    "layer3.0.downsample.0.weight": 0.0003662109375,
    "layer3.1.conv1.weight": 0.0054931640625,
    "layer3.1.conv2.weight": 0.008037990993923612,
    "layer4.0.conv1.weight": 0.23444112141927084,
    "layer4.0.conv2.weight": 0.21702109442816842,
    "layer4.0.downsample.0.weight": 0.002288818359375,
    "layer4.1.conv1.weight": 0.33423741658528644,
    "layer4.1.conv2.weight": 0.2261564466688368,
    "fc.weight": 0.0001953125
  }
}