{
  "config": {
    "run_id": "round_04",
    "imp_parent": "5round-8epoch",
    "imp_round": 4,
    "lambda_weight": 1e-05,
    "gamma_activation": 1e-05,
    "epochs": 8,
    "batch_size": 128,
    "lr": 0.001,
    "data_root": "./data",
    "device": "mps",
    "pruning/imp_round": 4.0,
    "pruning/mask_sparsity": 0.3438998519573729,
    "pruning/prune_fraction_per_step": 0.1,
    "imp/rewind_mode": "late_k",
    "imp/rewind_epoch_k": 4,
    "imp/lr_scheduler": "cosine",
    "imp/weight_l1_aggregation": "sum",
    "imp/exclude_conv1": false,
    "imp/exclude_fc": false,
    "git_sha": "99dbd79"
  },
  "metrics": {
    "train/loss": 0.8789839466864412,
    "train/loss_task": 0.23845840624364262,
    "train/loss_weight_l1": 64050.98086825284,
    "train/loss_activation_l1": 1.5751132182776928,
    "train/acc": 0.9178281841291622,
    "train/weight_sparsity_ratio": 0.7566789388656616,
    "val/loss": 0.9422667980194092,
    "val/loss_task": 0.30931743304245174,
    "val/loss_weight_l1": 63293.3046875,
    "val/loss_activation_l1": 1.6344622373580933,
    "val/acc": 0.8951171875,
    "val/weight_sparsity_ratio": 0.7566789388656616
  },
  "per_layer_sparsity": {
    "conv1.weight": 0.0,
    "layer1.0.conv1.weight": 0.0008409288194444445,
    "layer1.0.conv2.weight": 0.0005425347222222222,
    "layer1.1.conv1.weight": 0.0008409288194444445,
    "layer1.1.conv2.weight": 0.0006510416666666666,
    "layer2.0.conv1.weight": 0.001437717013888889,
    "layer2.0.conv2.weight": 0.0018378363715277778,
    "layer2.0.downsample.0.weight": 0.00048828125,
    "layer2.1.conv1.weight": 0.002068413628472222,
    "layer2.1.conv2.weight": 0.002081976996527778,
    "layer3.0.conv1.weight": 0.004553900824652778,
    "layer3.0.conv2.weight": 0.007837931315104166,
    "layer3.0.downsample.0.weight": 0.0010986328125,
    "layer3.1.conv1.weight": 0.019139607747395832,
    "layer3.1.conv2.weight": 0.0255126953125,
    "layer4.0.conv1.weight": 0.47034962972005206,
    "layer4.0.conv2.weight": 0.4111213684082031,
    "layer4.0.downsample.0.weight": 0.00795745849609375,
    "layer4.1.conv1.weight": 0.5337452358669705,
    "layer4.1.conv2.weight": 0.43270111083984375,
    "fc.weight": 0.0001953125
  }
}