batch_size,data_root,device,epoch,epochs,gamma_activation,git_sha,lambda_weight,lr,pruning/imp_round,pruning/mask_sparsity,pruning/prune_fraction_per_step,run_id,sparsity/mask_zero_fraction,structured/conv_width,structured/initial_width,structured/lr_scheduler,structured/weight_l1_aggregation,structured_parent,structured_round,train/acc,train/loss,train/loss_activation_l1,train/loss_task,train/loss_weight_l1,train/weight_sparsity_ratio,val/acc,val/loss,val/loss_activation_l1,val/loss_task,val/loss_weight_l1,val/weight_sparsity_ratio
64,./data,mps,1,10,1e-05,d1356f2,0.0,0.01,0.0,0.0,0.1,round_00,0.0,128.0,128.0,cosine,mean,struct_large,0,0.09952059659090909,3.661668433045799,0.2869973968693309,3.661665578457442,0.328259466258301,0.0025519244372844696,0.10067246835443038,2.303607071502299,0.26831919200058224,2.303604382502882,0.3283615708351135,0.0025519244372844696
64,./data,mps,2,10,1e-05,d1356f2,0.0,0.01,0.0,0.0,0.1,round_00,0.0,128.0,128.0,cosine,mean,struct_large,0,0.10089666193181818,2.3037247827107254,0.29162170500917867,2.303721868179061,0.32836652449755505,0.0025450829416513443,0.10403481012658228,2.302580975279023,0.2688113809386386,2.3025782802436927,0.32838261127471924,0.0025450829416513443
64,./data,mps,3,10,1e-05,d1356f2,0.0,0.01,0.0,0.0,0.1,round_00,0.0,128.0,128.0,cosine,mean,struct_large,0,0.10056374289772728,2.303530552170493,0.2919456672177396,2.3035276369615034,0.32838264954361046,0.0025457669980823994,0.09790348101265822,2.3032265131986596,0.26880462901501717,2.3032238181633287,0.32838255167007446,0.0025457669980823994
64,./data,mps,4,10,1e-05,d1356f2,0.0,0.01,0.0,0.0,0.1,round_00,0.0,128.0,128.0,cosine,mean,struct_large,0,0.10096324573863637,2.303393775766546,0.2918984876014292,2.3033908612348815,0.32838264150037005,0.0025450829416513443,0.09454113924050633,2.304636182664316,0.2687946608926676,2.3046334906469417,0.3283826410770416,0.0025450829416513443
