{
  "config": {
    "run_id": "round_00",
    "structured_parent": "struct_large",
    "structured_round": 0,
    "lambda_weight": 1e-05,
    "gamma_activation": 1e-05,
    "epochs": 15,
    "batch_size": 64,
    "lr": 0.001,
    "data_root": "./data",
    "device": "mps",
    "pruning/imp_round": 0.0,
    "pruning/mask_sparsity": 0.0,
    "pruning/prune_fraction_per_step": 0.1,
    "structured/conv_width": 128.0,
    "structured/initial_width": 128.0,
    "structured/lr_scheduler": "none",
    "structured/weight_l1_aggregation": "sum",
    "git_sha": "bb89d7e"
  },
  "metrics": {
    "train/loss": 1.4486600302837112,
    "train/loss_task": 1.2169772629541429,
    "train/loss_weight_l1": 23168.229999889027,
    "train/loss_activation_l1": 0.044892094389069825,
    "train/acc": 0.5776145241477273,
    "train/weight_sparsity_ratio": 0.728165328502655,
    "val/loss": 1.4183667385125462,
    "val/loss_task": 1.1857368199131157,
    "val/loss_weight_l1": 23262.95703125,
    "val/loss_activation_l1": 0.040531678148840046,
    "val/acc": 0.5921677215189873,
    "val/weight_sparsity_ratio": 0.728165328502655
  },
  "layer_shapes": {
    "conv1.weight": [
      128,
      3,
      3,
      3
    ],
    "conv2.weight": [
      128,
      128,
      3,
      3
    ],
    "fc.weight": [
      10,
      131072
    ],
    "fc.bias": [
      10
    ]
  }
}