{
  "config": {
    "run_id": "round_01",
    "imp_parent": "my_test",
    "imp_round": 1,
    "lambda_weight": 1e-05,
    "gamma_activation": 1e-05,
    "epochs": 1,
    "batch_size": 128,
    "lr": 0.001,
    "data_root": "./data",
    "device": "mps",
    "pruning/imp_round": 1.0,
    "pruning/mask_sparsity": 0.019999942648382972,
    "pruning/prune_fraction_per_step": 0.02,
    "git_sha": "4fc4329"
  },
  "metrics": {
    "train/loss": 4.07821898907423,
    "train/loss_task": 1.835391652347012,
    "train/loss_weight_l1": 224280.97296697443,
    "train/loss_activation_l1": 1.7684962539510294,
    "train/acc": 0.4347774621776559,
    "train/weight_sparsity_ratio": 0.10306961834430695,
    "val/loss": 3.496426159143448,
    "val/loss_task": 1.3567601874470712,
    "val/loss_weight_l1": 213964.796875,
    "val/loss_activation_l1": 1.8004961550235747,
    "val/acc": 0.53515625,
    "val/weight_sparsity_ratio": 0.10306961834430695
  },
  "per_layer_sparsity": {
    "conv1.weight": 0.0011574074074074073,
    "layer1.0.conv1.weight": 0.0013834635416666667,
    "layer1.0.conv2.weight": 0.0012749565972222222,
    "layer1.1.conv1.weight": 0.0013563368055555555,
    "layer1.1.conv2.weight": 0.001220703125,
    "layer2.0.conv1.weight": 0.0020616319444444445,
    "layer2.0.conv2.weight": 0.0020005967881944445,
    "layer2.0.downsample.0.weight": 0.000244140625,
    "layer2.1.conv1.weight": 0.0019463433159722222,
    "layer2.1.conv2.weight": 0.0018242730034722222,
    "layer3.0.conv1.weight": 0.003085666232638889,
    "layer3.0.conv2.weight": 0.0033128526475694445,
    "layer3.0.downsample.0.weight": 0.000823974609375,
    "layer3.1.conv1.weight": 0.003938462999131944,
    "layer3.1.conv2.weight": 0.004052056206597222,
    "layer4.0.conv1.weight": 0.012131585015190972,
    "layer4.0.conv2.weight": 0.020751105414496526,
    "layer4.0.downsample.0.weight": 0.00142669677734375,
    "layer4.1.conv1.weight": 0.03516345553927951,
    "layer4.1.conv2.weight": 0.02880647447374132
  }
}