{
  "config": {
    "run_id": "round_05",
    "imp_parent": "5round-8epoch",
    "imp_round": 5,
    "lambda_weight": 1e-05,
    "gamma_activation": 1e-05,
    "epochs": 8,
    "batch_size": 128,
    "lr": 0.001,
    "data_root": "./data",
    "device": "mps",
    "pruning/imp_round": 5.0,
    "pruning/mask_sparsity": 0.409509839890394,
    "pruning/prune_fraction_per_step": 0.1,
    "imp/rewind_mode": "late_k",
    "imp/rewind_epoch_k": 4,
    "imp/lr_scheduler": "cosine",
    "imp/weight_l1_aggregation": "sum",
    "imp/exclude_conv1": false,
    "imp/exclude_fc": false,
    "git_sha": "99dbd79"
  },
  "metrics": {
    "train/loss": 0.8787303153764118,
    "train/loss_task": 0.2366784610785544,
    "train/loss_weight_l1": 64203.619839754974,
    "train/loss_activation_l1": 1.5674191151152959,
    "train/acc": 0.9192461727017706,
    "train/weight_sparsity_ratio": 0.7539145946502686,
    "val/loss": 0.9404876127839088,
    "val/loss_task": 0.30497514186427,
    "val/loss_weight_l1": 63549.61328125,
    "val/loss_activation_l1": 1.6330489069223404,
    "val/acc": 0.9005859375,
    "val/weight_sparsity_ratio": 0.7539145946502686
  },
  "per_layer_sparsity": {
    "conv1.weight": 0.0,
    "layer1.0.conv1.weight": 0.0010850694444444445,
    "layer1.0.conv2.weight": 0.0007866753472222222,
    "layer1.1.conv1.weight": 0.0011393229166666667,
    "layer1.1.conv2.weight": 0.0010308159722222222,
    "layer2.0.conv1.weight": 0.0021565755208333335,
    "layer2.0.conv2.weight": 0.0027601453993055555,
    "layer2.0.downsample.0.weight": 0.00048828125,
    "layer2.1.conv1.weight": 0.003200954861111111,
    "layer2.1.conv2.weight": 0.0031534830729166665,
    "layer3.0.conv1.weight": 0.006917317708333333,
    "layer3.0.conv2.weight": 0.012184990776909722,
    "layer3.0.downsample.0.weight": 0.001617431640625,
    "layer3.1.conv1.weight": 0.030997382269965276,
    "layer3.1.conv2.weight": 0.03890821668836805,
    "layer4.0.conv1.weight": 0.5530683729383681,
    "layer4.0.conv2.weight": 0.4812787373860677,
    "layer4.0.downsample.0.weight": 0.012725830078125,
    "layer4.1.conv1.weight": 0.6223309834798177,
    "layer4.1.conv2.weight": 0.5348659091525607,
    "fc.weight": 0.0001953125
  }
}