{
  "config": {
    "run_id": "round_03",
    "imp_parent": "5round-8epoch",
    "imp_round": 3,
    "lambda_weight": 1e-05,
    "gamma_activation": 1e-05,
    "epochs": 8,
    "batch_size": 128,
    "lr": 0.001,
    "data_root": "./data",
    "device": "mps",
    "pruning/imp_round": 3.0,
    "pruning/mask_sparsity": 0.2709998753174389,
    "pruning/prune_fraction_per_step": 0.1,
    "imp/rewind_mode": "late_k",
    "imp/rewind_epoch_k": 4,
    "imp/lr_scheduler": "cosine",
    "imp/weight_l1_aggregation": "sum",
    "imp/exclude_conv1": false,
    "imp/exclude_fc": false,
    "git_sha": "99dbd79"
  },
  "metrics": {
    "train/loss": 0.8749021787873723,
    "train/loss_task": 0.23507337492297997,
    "train/loss_weight_l1": 63981.30967018821,
    "train/loss_activation_l1": 1.5723337253386325,
    "train/acc": 0.9188639323481105,
    "train/weight_sparsity_ratio": 0.7553719878196716,
    "val/loss": 0.952604378759861,
    "val/loss_task": 0.3191148047335446,
    "val/loss_weight_l1": 63347.3359375,
    "val/loss_activation_l1": 1.624076995253563,
    "val/acc": 0.896875,
    "val/weight_sparsity_ratio": 0.7553719878196716
  },
  "per_layer_sparsity": {
    "conv1.weight": 0.0,
    "layer1.0.conv1.weight": 0.0005696614583333334,
    "layer1.0.conv2.weight": 0.00035264756944444444,
    "layer1.1.conv1.weight": 0.0004069010416666667,
    "layer1.1.conv2.weight": 0.00035264756944444444,
    "layer2.0.conv1.weight": 0.0009223090277777778,
    "layer2.0.conv2.weight": 0.001125759548611111,
    "layer2.0.downsample.0.weight": 0.000244140625,
    "layer2.1.conv1.weight": 0.0012885199652777778,
    "layer2.1.conv2.weight": 0.0011664496527777778,
    "layer3.0.conv1.weight": 0.002536349826388889,
    "layer3.0.conv2.weight": 0.004436916775173611,
    "layer3.0.downsample.0.weight": 0.000701904296875,
    "layer3.1.conv1.weight": 0.010498046875,
    "layer3.1.conv2.weight": 0.015346950954861112,
    "layer4.0.conv1.weight": 0.3681674533420139,
    "layer4.0.conv2.weight": 0.32356219821506077,
    "layer4.0.downsample.0.weight": 0.0045928955078125,
    "layer4.1.conv1.weight": 0.43936411539713544,
    "layer4.1.conv2.weight": 0.32694753011067706,
    "fc.weight": 0.0001953125
  }
}